,Total,12 Packs,,Starter ,Jinx,,SF Box,,Rumble Deck,
No,Total,Normal,Shinny,Garen + Master Yi,Normal,Shinny,Normal,Shinny,Normal,Shinny
ogn-001,3,1.0,,,2.0,,,,,
ogn-002,4,1.0,,,3.0,,,,,
ogn-003,5,2.0,,,3.0,,,,,
ogn-004,1,1.0,,,,,,,,
ogn-005,1,1.0,,,,,,,,
ogn-006,4,1.0,,,3.0,,,,,
ogn-007,10,3.0,,,6.0,,,,,
ogn-007a,,1.0,,,,,,,,
ogn-008,3,1.0,,,2.0,,,,,
ogn-009,1,1.0,,,,,,,,
ogn-010,2,2.0,,,,,,,,
ogn-011,1,,,,1.0,,,,,
ogn-012,3,3.0,,,,,,,,
ogn-013,2,1.0,1.0,,,,,,,
ogn-014,0,,,,,,,,,
ogn-015,0,,,,,,,,,
ogn-016,0,,,,,,,,,
ogn-017,1,1.0,,,,,,,,
ogn-018,0,,,,,,,,,
ogn-019,3,,,,3.0,,,,,
ogn-020,1,1.0,,,,,,,,
ogn-021,1,1.0,,,,,,,,
ogn-022,0,,,,,,,,,
ogn-023,0,,,,,,,,,
ogn-024,3,1.0,,,2.0,,,,,
ogn-025,0,,,,,,,,,
ogn-026,0,,,,,,,,,
ogn-027,0,,,,,,,,,
ogn-027a,,,,,,,,,,
ogn-028,1,,1.0,,,,,,,
ogn-029,0,,,,,,,,,
ogn-030,2,,1.0,,,1.0,,,,
ogn-030a,,,,,,,,,,
ogn-031,0,,,,,,,,,
ogn-032,0,,,,,,,,,
ogn-033,0,,,,,,,,,
ogn-034,0,,,,,,,,,
ogn-035,1,,1.0,,,,,,,
ogn-036,1,,,,,1.0,,,,
ogn-037,0,,,,,,,,,
ogn-038,0,,,,,,,,,
ogn-039,0,,,,,,,,,
ogn-039a,,,,,,,,,,
ogn-040,0,,,,,,,,,
ogn-041,0,,,,,,,,,
ogn-041a,,,,,,,,,,
ogn-042,6,,,6.0,,,,,,
ogn-042a,,,,,,,,,,
ogn-043,1,1.0,,,,,,,,
ogn-044,0,,,,,,,,,
ogn-045,0,,,,,,,,,
ogn-046,5,2.0,,3.0,,,,,,
ogn-047,0,,,,,,,,,
ogn-048,5,2.0,,3.0,,,,,,
ogn-049,6,2.0,1.0,3.0,,,,,,
ogn-050,1,1.0,,,,,,,,
ogn-051,2,2.0,,,,,,,,
ogn-052,6,3.0,,3.0,,,,,,
ogn-053,1,1.0,,,,,,,,
ogn-054,0,,,,,,,,,
ogn-055,4,1.0,,3.0,,,,,,
ogn-056,0,,,,,,,,,
ogn-057,1,1.0,,,,,,,,
ogn-058,1,1.0,,,,,,,,
ogn-059,1,1.0,,,,,,,,
ogn-060,1,1.0,,,,,,,,
ogn-061,2,1.0,1.0,,,,,,,
ogn-062,0,,,,,,,,,
ogn-063,0,,,,,,,,,
ogn-064,0,,,,,,,,,
ogn-065,1,1.0,,,,,,,,
ogn-066,0,,,,,,,,,
ogn-066a,,,,,,,,,,
ogn-067,0,,,,,,,,,
ogn-068,0,,,,,,,,,
ogn-069,1,,1.0,,,,,,,
ogn-070,0,,,,,,,,,
ogn-071,1,,1.0,,,,,,,
ogn-072,0,,,,,,,,,
ogn-073,0,,,,,,,,,
ogn-074,0,,,,,,,,,
ogn-075,0,,,,,,,,,
ogn-076,0,,,,,,,,,
ogn-076a,,,,,,,,,,
ogn-077,0,,,,,,,,,
ogn-078,0,,,,,,,,,
ogn-078a,,,,,,,,,,
ogn-079,0,,,,,,,,,
ogn-079a,,,,,,,,,,
ogn-080,0,,,,,,,,,
ogn-081,0,,,,,,,,,
ogn-082,0,,,,,,,,,
ogn-083,1,1.0,,,,,,,,
ogn-084,2,2.0,,,,,,,,
ogn-085,2,2.0,,,,,,,,
ogn-086,0,,,,,,,,,
ogn-087,0,,,,,,,,,
ogn-088,3,3.0,,,,,,,,
ogn-089,1,1.0,,,,,,,,
ogn-089a,,,,,,,,,,
ogn-090,2,2.0,,,,,,,,
ogn-091,1,1.0,,,,,,,,
ogn-092,1,1.0,,,,,,,,
ogn-093,0,,,,,,,,,
ogn-094,1,1.0,,,,,,,,
ogn-095,2,1.0,1.0,,,,,,,
ogn-096,1,1.0,,,,,,,,
ogn-097,0,,,,,,,,,
ogn-098,0,,,,,,,,,
ogn-099,1,1.0,,,,,,,,
ogn-100,2,2.0,,,,,,,,
ogn-101,0,,,,,,,,,
ogn-102,1,1.0,,,,,,,,
ogn-103,1,1.0,,,,,,,,
ogn-104,0,,,,,,,,,
ogn-105,0,,,,,,,,,
ogn-106,1,1.0,,,,,,,,
ogn-107,0,,,,,,,,,
ogn-108,1,,1.0,,,,,,,
ogn-109,0,,,,,,,,,
ogn-110,1,,1.0,,,,,,,
ogn-111,0,,,,,,,,,
ogn-112,0,,,,,,,,,
ogn-112a,,,,,,,,,,
ogn-113,0,,,,,,,,,
ogn-114,0,,,,,,,,,
ogn-115,1,,1.0,,,,,,,
ogn-116,0,,,,,,,,,
ogn-117,2,,1.0,,,,,,,
ogn-117a,,,1.0,,,,,,,
ogn-118,0,,,,,,,,,
ogn-119,0,,,,,,,,,
ogn-119a,,,,,,,,,,
ogn-120,0,,,,,,,,,
ogn-121,1,,1.0,,,,,,,
ogn-121a,,,,,,,,,,
ogn-122,0,,,,,,,,,
ogn-123,0,,,,,,,,,
ogn-124,2,2.0,,,,,,,,
ogn-125,1,1.0,,,,,,,,
ogn-126,12,,,12.0,,,,,,
ogn-126a,,,,,,,,,,
ogn-127,4,1.0,,3.0,,,,,,
ogn-128,1,1.0,,,,,,,,
ogn-129,6,1.0,,5,,,,,,
ogn-130,5,1.0,1.0,3.0,,,,,,
ogn-131,2,,,2.0,,,,,,
ogn-132,5,2.0,,3.0,,,,,,
ogn-133,2,2.0,,,,,,,,
ogn-134,6,3.0,,3.0,,,,,,
ogn-135,0,,,,,,,,,
ogn-136,1,1.0,,,,,,,,
ogn-137,4,1.0,,3.0,,,,,,
ogn-138,2,2.0,,,,,,,,
ogn-139,0,,,,,,,,,
ogn-140,0,,,,,,,,,
ogn-141,0,,,,,,,,,
ogn-142,3,1.0,,2.0,,,,,,
ogn-143,0,,,,,,,,,
ogn-144,0,,,,,,,,,
ogn-145,0,,,,,,,,,
ogn-146,0,,,,,,,,,
ogn-147,1,1.0,,,,,,,,
ogn-148,0,,,,,,,,,
ogn-149,0,,,,,,,,,
ogn-150,0,,,,,,,,,
ogn-151,1,,1.0,,,,,,,
ogn-151a,,,,,,,,,,
ogn-152,1,,1.0,,,,,,,
ogn-153,1,,1.0,,,,,,,
ogn-154,0,,,,,,,,,
ogn-155,0,,,,,,,,,
ogn-156,1,,1.0,,,,,,,
ogn-157,0,,,,,,,,,
ogn-158,1,,1.0,,,,,,,
ogn-158a,,,,,,,,,,
ogn-159,0,,,,,,,,,
ogn-160,0,,,,,,,,,
ogn-161,1,,1.0,,,,,,,
ogn-162,0,,,,,,,,,
ogn-162a,,,,,,,,,,
ogn-163,1,,1.0,,,,,,,
ogn-164,0,,,,,,,,,
ogn-164a,,,,,,,,,,
ogn-165,3,1.0,,,2.0,,,,,
ogn-166,7,1.0,,,6.0,,,,,
ogn-166a,,,,,,,,,,
ogn-167,1,1.0,,,,,,,,
ogn-168,3,,,,3.0,,,,,
ogn-169,4,1.0,,,3.0,,,,,
ogn-170,2,2.0,,,,,,,,
ogn-171,1,,1.0,,,,,,,
ogn-172,1,1.0,,,,,,,,
ogn-173,2,2.0,,,,,,,,
ogn-174,1,1.0,,,,,,,,
ogn-175,1,1.0,,,,,,,,
ogn-176,1,1.0,,,,,,,,
ogn-177,2,2.0,,,,,,,,
ogn-178,3,1.0,,,2.0,,,,,
ogn-179,0,,,,,,,,,
ogn-180,2,,,,2.0,,,,,
ogn-181,0,,,,,,,,,
ogn-182,3,,,,3.0,,,,,
ogn-183,1,1.0,,,,,,,,
ogn-184,2,1.0,1.0,,,,,,,
ogn-185,3,,,,3.0,,,,,
ogn-186,0,,,,,,,,,
ogn-187,0,,,,,,,,,
ogn-188,1,1.0,,,,,,,,
ogn-189,0,,,,,,,,,
ogn-190,0,,,,,,,,,
ogn-191,0,,,,,,,,,
ogn-192,1,,1.0,,,,,,,
ogn-193,1,,1.0,,,,,,,
ogn-193a,,,,,,,,,,
ogn-194,1,,1.0,,,,,,,
ogn-195,1,,,,,1.0,,,,
ogn-196,0,,,,,,,,,
ogn-197,1,,1.0,,,,,,,
ogn-197a,,,,,,,,,,
ogn-198,0,,,,,,,,,
ogn-199,1,,1.0,,,,,,,
ogn-200,0,,,,,,,,,
ogn-201,0,,,,,,,,,
ogn-202,0,,,,,,,,,
ogn-202a,,,,,,,,,,
ogn-203,0,,,,,,,,,
ogn-204,0,,,,,,,,,
ogn-205,0,,,,,,,,,
ogn-205a,,,,,,,,,,
ogn-206,5,2.0,,3.0,,,,,,
ogn-207,1,1.0,,,,,,,,
ogn-208,1,1.0,,,,,,,,
ogn-209,1,1.0,,,,,,,,
ogn-210,6,2.0,1.0,3.0,,,,,,
ogn-211,4,1.0,,3.0,,,,,,
ogn-212,0,,,,,,,,,
ogn-213,2,2.0,,,,,,,,
ogn-214,7,1.0,,6.0,,,,,,
ogn-214a,,,,,,,,,,
ogn-215,4,2.0,,2.0,,,,,,
ogn-216,1,1.0,,,,,,,,
ogn-217,1,1.0,,,,,,,,
ogn-218,1,1.0,,,,,,,,
ogn-219,4,1.0,,3.0,,,,,,
ogn-220,2,2.0,,,,,,,,
ogn-221,0,,,,,,,,,
ogn-222,4,1.0,,3.0,,,,,,
ogn-223,1,1.0,,,,,,,,
ogn-224,0,,,,,,,,,
ogn-225,1,1.0,,,,,,,,
ogn-226,0,,,,,,,,,
ogn-227,0,,,,,,,,,
ogn-228,0,,,,,,,,,
ogn-229,0,,,,,,,,,
ogn-230,0,,,,,,,,,
ogn-231,0,,,,,,,,,
ogn-232,0,,,,,,,,,
ogn-233,1,,1.0,,,,,,,
ogn-234,0,,,,,,,,,
ogn-235,0,,,,,,,,,
ogn-236,1,,1.0,,,,,,,
ogn-237,0,,,,,,,,,
ogn-238,0,,,,,,,,,
ogn-238a,,,,,,,,,,
ogn-239,0,,,,,,,,,
ogn-240,1,,1.0,,,,,,,
ogn-240a,,,,,,,,,,
ogn-241,0,,,,,,,,,
ogn-242,0,,,,,,,,,
ogn-243,0,,,,,,,,,
ogn-243a,,,,,,,,,,
ogn-244,0,,,,,,,,,
ogn-245,0,,,,,,,,,
ogn-246,0,,,,,,,,,
ogn-246a,,,,,,,,,,
ogn-247,0,,,,,,,,,
ogn-248,0,,,,,,,,,
ogn-249,0,,,,,,,,,
ogn-250,0,,,,,,,,,
ogn-251,1,,,,,1.0,,,,
ogn-252,0,,,,,,,,,
ogn-253,1,,1.0,,,,,,,
ogn-254,0,,,,,,,,,
ogn-255,0,,,,,,,,,
ogn-256,0,,,,,,,,,
ogn-257,1,,1.0,,,,,,,
ogn-258,0,,,,,,,,,
ogn-259,0,,,,,,,,,
ogn-260,0,,,,,,,,,
ogn-261,0,,,,,,,,,
ogn-262,0,,,,,,,,,
ogn-263,1,,1.0,,,,,,,
ogn-264,0,,,,,,,,,
ogn-265,0,,,,,,,,,
ogn-266,0,,,,,,,,,
ogn-267,1,,1.0,,,,,,,
ogn-268,0,,,,,,,,,
ogn-269,0,,,,,,,,,
ogn-270,0,,,,,,,,,
ogn-271,8,,,8.0,,,,,,
ogn-272,2,2.0,,,,,,,,
ogn-273,2,2.0,,,,,,,,
ogn-274,2,2.0,,,,,,,,
ogn-275,1,1.0,,,,,,,,
ogn-276,0,,,,,,,,,
ogn-277,0,,,,,,,,,
ogn-278,0,,,,,,,,,
ogn-279,1,,,1.0,,,,,,
ogn-280,0,,,,,,,,,
ogn-281,1,1.0,,,,,,,,
ogn-282,1,1.0,,,,,,,,
ogn-283,0,,,,,,,,,
ogn-284,0,,,,,,,,,
ogn-285,2,1.0,,,,1.0,,,,
ogn-286,1,1.0,,,,,,,,
ogn-287,0,,,,,,,,,
ogn-288,1,,,1.0,,,,,,
ogn-289,1,,,,,1.0,,,,
ogn-290,0,,,,,,,,,
ogn-291,1,1.0,,,,,,,,
ogn-292,1,1.0,,,,,,,,
ogn-293,1,1.0,,,,,,,,
ogn-294,1,,,1.0,,,,,,
ogn-295,1,,1.0,,,,,,,
ogn-296,0,,,,,,,,,
ogn-297,0,,,,,,,,,
ogn-298,1,,,,,1.0,,,,
ogn-299,0,,,,,,,,,
ogn-299,0,,,,,,,,,
ogn-300,0,,,,,,,,,
ogn-300,0,,,,,,,,,
ogn-301,0,,,,,,,,,
ogn-301,0,,,,,,,,,
ogn-302,0,,,,,,,,,
ogn-302,0,,,,,,,,,
ogn-303,0,,,,,,,,,
ogn-303,0,,,,,,,,,
ogn-304,0,,,,,,,,,
ogn-304,0,,,,,,,,,
ogn-305,0,,,,,,,,,
ogn-305,0,,,,,,,,,
ogn-306,0,,,,,,,,,
ogn-306,0,,,,,,,,,
ogn-307,0,,,,,,,,,
ogn-307,0,,,,,,,,,
ogn-308,0,,,,,,,,,
ogn-308,0,,,,,,,,,
ogn-309,0,,,,,,,,,
ogn-309,0,,,,,,,,,
ogn-310,0,,,,,,,,,
ogn-310,0,,,,,,,,,
ogs-001,0,,,,,,,,,
ogs-002,0,,,,,,,,,
ogs-003,0,,,,,,,,,
ogs-004,2,,,2.0,,,,,,
ogs-005,3,,,3.0,,,,,,
ogs-006,0,,,,,,,,,
ogs-007,2,,,2.0,,,,,,
ogs-008,3,,,3.0,,,,,,
ogs-009,2,,,2.0,,,,,,
ogs-010,0,,,,,,,,,
ogs-011,0,,,,,,,,,
ogs-012,0,,,,,,,,,
ogs-013,2,,,2.0,,,,,,
ogs-014,0,,,,,,,,,
ogs-015,3,,,3.0,,,,,,
ogs-016,3,,,3.0,,,,,,
ogs-017,0,,,,,,,,,
ogs-018,0,,,,,,,,,
ogs-019,1,,,1.0,,,,,,
ogs-020,2,,,2.0,,,,,,
ogs-021,0,,,,,,,,,
ogs-022,0,,,,,,,,,
ogs-023,1,,,1.0,,,,,,
ogs-024,2,,,2.0,,,,,,
sfd-001,4,,,,,,3.0,1.0,,
sfd-002,2,,,,,,2.0,,,
sfd-003,3,,,,,,3.0,,,
sfd-004,3,,,,,,3.0,,,
sfd-005,3,,,,,,3.0,,,
sfd-006,3,,,,,,3.0,,,
sfd-007,7,,,,,,6.0,1.0,,
sfd-008,3,,,,,,3.0,,,
sfd-009,3,,,,,,3.0,,,
sfd-010,3,,,,,,3.0,,,
sfd-011,2,,,,,,1.0,1.0,,
sfd-012,1,,,,,,1.0,,,
sfd-013,2,,,,,,2.0,,,
sfd-014,1,,,,,,1.0,,,
sfd-015,1,,,,,,1.0,,,
sfd-016,2,,,,,,1.0,1.0,,
sfd-017,1,,,,,,1.0,,,
sfd-018,1,,,,,,1.0,,,
sfd-019,2,,,,,,2.0,,,
sfd-020,1,,,,,,1.0,,,
sfd-020a,,,,,,,,,,
sfd-021,2,,,,,,2.0,,,
sfd-022,1,,,,,,1.0,,,
sfd-023,0,,,,,,,,,
sfd-024,1,,,,,,1.0,,,
sfd-025,0,,,,,,,,,
sfd-026,3,,,,,,3.0,,,
sfd-026a,,,,,,,,,,
sfd-027,1,,,,,,1.0,,,
sfd-028,1,,,,,,,,,
sfd-028a,,,,,,,1.0,,,
sfd-029,0,,,,,,,,,
sfd-029a,,,,,,,,,,
sfd-030,0,,,,,,,,,
sfd-031,3,,,,,,3.0,,,
sfd-032,2,,,,,,2.0,,,
sfd-033,3,,,,,,3.0,,,
sfd-034,4,,,,,,4.0,,,
sfd-035,3,,,,,,3.0,,,
sfd-036,4,,,,,,4.0,,,
sfd-037,3,,,,,,3.0,,,
sfd-038,4,,,,,,3.0,1.0,,
sfd-039,3,,,,,,3.0,,,
sfd-040,4,,,,,,3.0,1.0,,
sfd-041,1,,,,,,1.0,,,
sfd-042,1,,,,,,1.0,,,
sfd-043,2,,,,,,1.0,1.0,,
sfd-044,1,,,,,,1.0,,,
sfd-045,1,,,,,,1.0,,,
sfd-046,1,,,,,,1.0,,,
sfd-047,1,,,,,,1.0,,,
sfd-048,1,,,,,,1.0,,,
sfd-049,0,,,,,,,,,
sfd-050,2,,,,,,2.0,,,
sfd-050a,,,,,,,,,,
sfd-051,0,,,,,,,,,
sfd-052,1,,,,,,1.0,,,
sfd-053,0,,,,,,,,,
sfd-054,1,,,,,,1.0,,,
sfd-054a,,,,,,,,,,
sfd-055,1,,,,,,1.0,,,
sfd-056,0,,,,,,,,,
sfd-057,1,,,,,,1.0,,,
sfd-057a,,,,,,,,,,
sfd-058,0,,,,,,,,,
sfd-058a,,,,,,,,,,
sfd-059,0,,,,,,,,,
sfd-060,0,,,,,,,,,
sfd-061,3,,,,,,3.0,,,
sfd-062,6,,,,,,6.0,,,
sfd-063,3,,,,,,3.0,,,
sfd-064,4,,,,,,3.0,1.0,,
sfd-065,6,,,,,,6.0,,,
sfd-066,5,,,,,,5.0,,,
sfd-067,3,,,,,,3.0,,,
sfd-068,3,,,,,,3.0,,,
sfd-069,6,,,,,,6.0,,,
sfd-070,6,,,,,,5.0,1.0,,
sfd-071,3,,,,,,3.0,,,
sfd-072,1,,,,,,1.0,,,
sfd-073,1,,,,,,1.0,,,
sfd-074,1,,,,,,1.0,,,
sfd-075,2,,,,,,2.0,,,
sfd-076,4,,,,,,3.0,1.0,,
sfd-077,0,,,,,,,,,
sfd-078,1,,,,,,1.0,,,
sfd-079,0,,,,,,,,,
sfd-080,1,,,,,,1.0,,,
sfd-081,0,,,,,,,,,
sfd-082,1,,,,,,1.0,,,
sfd-082a,,,,,,,,,,
sfd-083,1,,,,,,1.0,,,
sfd-084,0,,,,,,,,,
sfd-085,1,,,,,,1.0,,,
sfd-085a,,,,,,,,,,
sfd-086,1,,,,,,1.0,,,
sfd-087,0,,,,,,,,,
sfd-088,0,,,,,,,,,
sfd-088a,,,,,,,,,,
sfd-089,3,,,,,,2.0,,,
sfd-089a,,,,,,,1.0,,,
sfd-090,0,,,,,,,,,
sfd-091,3,,,,,,3.0,,,
sfd-092,3,,,,,,3.0,,,
sfd-093,4,,,,,,3.0,1.0,,
sfd-094,3,,,,,,3.0,,,
sfd-095,4,,,,,,3.0,1.0,,
sfd-096,3,,,,,,3.0,,,
sfd-097,3,,,,,,3.0,,,
sfd-098,2,,,,,,2.0,,,
sfd-099,3,,,,,,3.0,,,
sfd-100,2,,,,,,2.0,,,
sfd-101,2,,,,,,2.0,,,
sfd-102,1,,,,,,1.0,,,
sfd-103,2,,,,,,1.0,1.0,,
sfd-104,2,,,,,,2.0,,,
sfd-105,2,,,,,,2.0,,,
sfd-106,1,,,,,,1.0,,,
sfd-107,1,,,,,,1.0,,,
sfd-108,1,,,,,,1.0,,,
sfd-109,1,,,,,,1.0,,,
sfd-110,0,,,,,,,,,
sfd-110a,,,,,,,,,,
sfd-111,1,,,,,,1.0,,,
sfd-112,0,,,,,,,,,
sfd-113,1,,,,,,1.0,,,
sfd-113a,,,,,,,,,,
sfd-114,1,,,,,,1.0,,,
sfd-115,0,,,,,,,,,
sfd-116,0,,,,,,,,,
sfd-117,0,,,,,,,,,
sfd-118,0,,,,,,,,,
sfd-119,0,,,,,,,,,
sfd-119a,,,,,,,,,,
sfd-120,0,,,,,,,,,
sfd-120a,,,,,,,,,,
sfd-121,2,,,,,,2.0,,,
sfd-122,3,,,,,,3.0,,,
sfd-123,3,,,,,,3.0,,,
sfd-124,2,,,,,,2.0,,,
sfd-125,3,,,,,,3.0,,,
sfd-126,4,,,,,,3.0,1.0,,
sfd-127,3,,,,,,3.0,,,
sfd-128,3,,,,,,3.0,,,
sfd-129,4,,,,,,3.0,1.0,,
sfd-130,0,,,,,,,,,
sfd-131,1,,,,,,1.0,,,
sfd-132,3,,,,,,2.0,1.0,,
sfd-133,1,,,,,,1.0,,,
sfd-134,1,,,,,,1.0,,,
sfd-135,1,,,,,,1.0,,,
sfd-136,2,,,,,,2.0,,,
sfd-137,1,,,,,,1.0,,,
sfd-138,2,,,,,,2.0,,,
sfd-139,1,,,,,,1.0,,,
sfd-140,1,,,,,,1.0,,,
sfd-141,0,,,,,,,,,
sfd-141a,,,,,,,,,,
sfd-142,1,,,,,,1.0,,,
sfd-143,0,,,,,,,,,
sfd-143a,,,,,,,,,,
sfd-144,1,,,,,,1.0,,,
sfd-145,1,,,,,,1.0,,,
sfd-146,0,,,,,,,,,
sfd-147,0,,,,,,,,,
sfd-148,0,,,,,,,,,
sfd-148a,,,,,,,,,,
sfd-149,0,,,,,,,,,
sfd-149a,,,,,,,,,,
sfd-150,0,,,,,,,,,
sfd-151,3,,,,,,3.0,,,
sfd-152,3,,,,,,3.0,,,
sfd-153,3,,,,,,2.0,1.0,,
sfd-154,3,,,,,,3.0,,,
sfd-155,2,,,,,,2.0,,,
sfd-156,3,,,,,,3.0,,,
sfd-157,5,,,,,,4.0,1.0,,
sfd-158,3,,,,,,3.0,,,
sfd-159,3,,,,,,3.0,,,
sfd-160,3,,,,,,3.0,,,
sfd-161,1,,,,,,1.0,,,
sfd-162,2,,,,,,2.0,,,
sfd-163,2,,,,,,2.0,,,
sfd-164,1,,,,,,1.0,,,
sfd-165,1,,,,,,1.0,,,
sfd-166,1,,,,,,1.0,,,
sfd-167,2,,,,,,1.0,1.0,,
sfd-168,2,,,,,,1.0,1.0,,
sfd-169,1,,,,,,1.0,,,
sfd-170,0,,,,,,,,,
sfd-170a,,,,,,,,,,
sfd-171,0,,,,,,,,,
sfd-171a,,,,,,,,,,
sfd-172,0,,,,,,,,,
sfd-173,1,,,,,,1.0,,,
sfd-174,1,,,,,,1.0,,,
sfd-175,1,,,,,,1.0,,,
sfd-176,0,,,,,,,,,
sfd-177,0,,,,,,,,,
sfd-177a,,,,,,,,,,
sfd-178,0,,,,,,,,,
sfd-179,0,,,,,,,,,
sfd-180,0,,,,,,,,,
sfd-180a,,,,,,,,,,
sfd-181,1,,,,,,1.0,,,
sfd-182,1,,,,,,1.0,,,
sfd-183,1,,,,,,1.0,,,
sfd-184,1,,,,,,1.0,,,
sfd-185,1,,,,,,1.0,,,
sfd-186,0,,,,,,,,,
sfd-187,1,,,,,,1.0,,,
sfd-188,0,,,,,,,,,
sfd-189,1,,,,,,1.0,,,
sfd-190,1,,,,,,1.0,,,
sfd-191,1,,,,,,1.0,,,
sfd-192,1,,,,,,1.0,,,
sfd-193,1,,,,,,1.0,,,
sfd-194,0,,,,,,,,,
sfd-195,1,,,,,,1.0,,,
sfd-196,0,,,,,,,,,
sfd-197,1,,,,,,1.0,,,
sfd-198,0,,,,,,,,,
sfd-199,1,,,,,,1.0,,,
sfd-200,0,,,,,,,,,
sfd-201,0,,,,,,,,,
sfd-202,0,,,,,,,,,
sfd-203,1,,,,,,1.0,,,
sfd-204,0,,,,,,,,,
sfd-205,0,,,,,,,,,
sfd-206,0,,,,,,,,,
sfd-207,1,,,,,,1.0,,,
sfd-208,1,,,,,,1.0,,,
sfd-209,1,,,,,,1.0,,,
sfd-210,1,,,,,,1.0,,,
sfd-211,1,,,,,,1.0,,,
sfd-212,1,,,,,,1.0,,,
sfd-213,1,,,,,,1.0,,,
sfd-214,2,,,,,,1.0,1.0,,
sfd-215,1,,,,,,1.0,,,
sfd-216,2,,,,,,1.0,1.0,,
sfd-217,1,,,,,,1.0,,,
sfd-218,1,,,,,,1.0,,,
sfd-219,1,,,,,,1.0,,,
sfd-220,2,,,,,,1.0,1.0,,
sfd-221,1,,,,,,1.0,,,
sfd-222,0,,,,,,,,,
sfd-223,0,,,,,,,,,
sfd-223,0,,,,,,,,,
sfd-224,0,,,,,,,,,
sfd-224,0,,,,,,,,,
sfd-225,0,,,,,,,,,
sfd-225,0,,,,,,,,,
sfd-226,0,,,,,,,,,
sfd-227,0,,,,,,,,,
sfd-227,0,,,,,,,,,
sfd-228,0,,,,,,,,,
sfd-228,0,,,,,,,,,
sfd-229,0,,,,,,,,,
sfd-230,0,,,,,,,,,
sfd-230,0,,,,,,,,,
sfd-231,0,,,,,,,,,
sfd-232,0,,,,,,,,,
sfd-232,0,,,,,,,,,
sfd-233,0,,,,,,,,,
sfd-233,0,,,,,,,,,
sfd-234,0,,,,,,,,,
sfd-235,0,,,,,,,,,
sfd-235,0,,,,,,,,,
sfd-236,0,,,,,,,,,
sfd-236,0,,,,,,,,,
sfd-237,0,,,,,,,,,
sfd-237,0,,,,,,,,,
sfd-238,0,,,,,,,,,
sfd-239,0,,,,,,,,,
sfd-239,0,,,,,,,,,
sfd-240,0,,,,,,,,,
sfd-241,0,,,,,,,,,
sfd-242,0,,,,,,,,,
sfd-243,0,,,,,,,,,
sfd-244,0,,,,,,,,,
sfd-245,0,,,,,,,,,
sfd-246,0,,,,,,,,,
sfd-247,0,,,,,,,,,
sfd-248,0,,,,,,,,,
sfd-249,0,,,,,,,,,
sfd-250,0,,,,,,,,,
sfd-251,0,,,,,,,,,
sfd-t03,6,,,,,,6.0,,,
unl-001,0,,,,,,,,,
unl-002,0,,,,,,,,,
unl-003,0,,,,,,,,,
unl-004,0,,,,,,,,,
unl-005,0,,,,,,,,,
unl-006,0,,,,,,,,,
unl-007,0,,,,,,,,,
unl-008,0,,,,,,,,,
unl-009,0,,,,,,,,,
unl-010,0,,,,,,,,,
unl-011,0,,,,,,,,,
unl-012,0,,,,,,,,,
unl-013,0,,,,,,,,,
unl-014,0,,,,,,,,,
unl-015,0,,,,,,,,,
unl-016,0,,,,,,,,,
unl-017,0,,,,,,,,,
unl-018,0,,,,,,,,,
unl-019,0,,,,,,,,,
unl-020,0,,,,,,,,,
unl-021,0,,,,,,,,,
unl-022,0,,,,,,,,,
unl-022a,,,,,,,,,,
unl-023,0,,,,,,,,,
unl-024,0,,,,,,,,,
unl-024a,,,,,,,,,,
unl-025,0,,,,,,,,,
unl-026,0,,,,,,,,,
unl-027,0,,,,,,,,,
unl-028,0,,,,,,,,,
unl-028a,,,,,,,,,,
unl-029,0,,,,,,,,,
unl-029a,,,,,,,,,,
unl-030,0,,,,,,,,,
unl-030a,,,,,,,,,,
unl-031,0,,,,,,,,,
unl-032,0,,,,,,,,,
unl-033,0,,,,,,,,,
unl-034,0,,,,,,,,,
unl-035,0,,,,,,,,,
unl-036,0,,,,,,,,,
unl-037,0,,,,,,,,,
unl-038,0,,,,,,,,,
unl-039,0,,,,,,,,,
unl-040,0,,,,,,,,,
unl-041,0,,,,,,,,,
unl-042,0,,,,,,,,,
unl-043,0,,,,,,,,,
unl-044,0,,,,,,,,,
unl-045,0,,,,,,,,,
unl-046,0,,,,,,,,,
unl-047,0,,,,,,,,,
unl-048,0,,,,,,,,,
unl-049,0,,,,,,,,,
unl-050,0,,,,,,,,,
unl-051,0,,,,,,,,,
unl-051a,,,,,,,,,,
unl-052,0,,,,,,,,,
unl-053,0,,,,,,,,,
unl-054,0,,,,,,,,,
unl-055,0,,,,,,,,,
unl-055a,,,,,,,,,,
unl-056,0,,,,,,,,,
unl-057,0,,,,,,,,,
unl-058,0,,,,,,,,,
unl-058a,,,,,,,,,,
unl-059,0,,,,,,,,,
unl-059a,,,,,,,,,,
unl-060,0,,,,,,,,,
unl-060a,,,,,,,,,,
unl-061,0,,,,,,,,,
unl-062,0,,,,,,,,,
unl-063,0,,,,,,,,,
unl-064,0,,,,,,,,,
unl-065,0,,,,,,,,,
unl-066,0,,,,,,,,,
unl-067,0,,,,,,,,,
unl-068,0,,,,,,,,,
unl-069,0,,,,,,,,,
unl-070,0,,,,,,,,,
unl-071,0,,,,,,,,,
unl-072,0,,,,,,,,,
unl-073,0,,,,,,,,,
unl-074,0,,,,,,,,,
unl-075,0,,,,,,,,,
unl-076,0,,,,,,,,,
unl-077,0,,,,,,,,,
unl-078,0,,,,,,,,,
unl-079,0,,,,,,,,,
unl-079a,,,,,,,,,,
unl-080,0,,,,,,,,,
unl-081,0,,,,,,,,,
unl-082,0,,,,,,,,,
unl-082a,,,,,,,,,,
unl-083,0,,,,,,,,,
unl-084,0,,,,,,,,,
unl-085,0,,,,,,,,,
unl-086,0,,,,,,,,,
unl-087,0,,,,,,,,,
unl-087a,,,,,,,,,,
unl-088,0,,,,,,,,,
unl-089,0,,,,,,,,,
unl-089a,,,,,,,,,,
unl-090,0,,,,,,,,,
unl-090a,,,,,,,,,,
unl-091,0,,,,,,,,,
unl-092,0,,,,,,,,,
unl-093,0,,,,,,,,,
unl-094,0,,,,,,,,,
unl-095,0,,,,,,,,,
unl-096,0,,,,,,,,,
unl-097,0,,,,,,,,,
unl-098,0,,,,,,,,,
unl-099,0,,,,,,,,,
unl-100,0,,,,,,,,,
unl-101,0,,,,,,,,,
unl-102,0,,,,,,,,,
unl-103,0,,,,,,,,,
unl-104,0,,,,,,,,,
unl-105,0,,,,,,,,,
unl-106,0,,,,,,,,,
unl-107,0,,,,,,,,,
unl-108,0,,,,,,,,,
unl-109,0,,,,,,,,,
unl-110,0,,,,,,,,,
unl-111,0,,,,,,,,,
unl-112,0,,,,,,,,,
unl-113,0,,,,,,,,,
unl-113a,,,,,,,,,,
unl-114,0,,,,,,,,,
unl-115,0,,,,,,,,,
unl-116,0,,,,,,,,,
unl-116a,,,,,,,,,,
unl-117,0,,,,,,,,,
unl-118,0,,,,,,,,,
unl-118a,,,,,,,,,,
unl-119,0,,,,,,,,,
unl-119a,,,,,,,,,,
unl-120,0,,,,,,,,,
unl-120a,,,,,,,,,,
unl-121,0,,,,,,,,,
unl-122,0,,,,,,,,,
unl-123,0,,,,,,,,,
unl-124,0,,,,,,,,,
unl-125,0,,,,,,,,,
unl-126,0,,,,,,,,,
unl-127,0,,,,,,,,,
unl-128,0,,,,,,,,,
unl-129,0,,,,,,,,,
unl-130,0,,,,,,,,,
unl-131,0,,,,,,,,,
unl-132,0,,,,,,,,,
unl-133,0,,,,,,,,,
unl-134,0,,,,,,,,,
unl-135,0,,,,,,,,,
unl-136,0,,,,,,,,,
unl-137,0,,,,,,,,,
unl-138,0,,,,,,,,,
unl-139,0,,,,,,,,,
unl-140,0,,,,,,,,,
unl-141,0,,,,,,,,,
unl-142,0,,,,,,,,,
unl-143,0,,,,,,,,,
unl-143a,,,,,,,,,,
unl-144,0,,,,,,,,,
unl-145,0,,,,,,,,,
unl-145a,,,,,,,,,,
unl-146,0,,,,,,,,,
unl-147,0,,,,,,,,,
unl-147a,,,,,,,,,,
unl-148,0,,,,,,,,,
unl-149,0,,,,,,,,,
unl-149a,,,,,,,,,,
unl-150,0,,,,,,,,,
unl-150a,,,,,,,,,,
unl-151,0,,,,,,,,,
unl-152,0,,,,,,,,,
unl-153,0,,,,,,,,,
unl-154,0,,,,,,,,,
unl-155,0,,,,,,,,,
unl-156,0,,,,,,,,,
unl-157,0,,,,,,,,,
unl-158,0,,,,,,,,,
unl-159,0,,,,,,,,,
unl-160,0,,,,,,,,,
unl-161,0,,,,,,,,,
unl-162,0,,,,,,,,,
unl-163,0,,,,,,,,,
unl-164,0,,,,,,,,,
unl-165,0,,,,,,,,,
unl-166,0,,,,,,,,,
unl-167,0,,,,,,,,,
unl-168,0,,,,,,,,,
unl-169,0,,,,,,,,,
unl-170,0,,,,,,,,,
unl-171,0,,,,,,,,,
unl-172,0,,,,,,,,,
unl-172a,,,,,,,,,,
unl-173,0,,,,,,,,,
unl-174,0,,,,,,,,,
unl-175,0,,,,,,,,,
unl-176,0,,,,,,,,,
unl-176a,,,,,,,,,,
unl-177,0,,,,,,,,,
unl-177a,,,,,,,,,,
unl-178,0,,,,,,,,,
unl-178a,,,,,,,,,,
unl-179,0,,,,,,,,,
unl-179a,,,,,,,,,,
unl-180,0,,,,,,,,,
unl-181,0,,,,,,,,,
unl-182,0,,,,,,,,,
unl-183,0,,,,,,,,,
unl-184,0,,,,,,,,,
unl-185,0,,,,,,,,,
unl-186,0,,,,,,,,,
unl-187,0,,,,,,,,,
unl-188,0,,,,,,,,,
unl-189,0,,,,,,,,,
unl-190,0,,,,,,,,,
unl-191,0,,,,,,,,,
unl-192,0,,,,,,,,,
unl-193,0,,,,,,,,,
unl-194,0,,,,,,,,,
unl-195,0,,,,,,,,,
unl-196,0,,,,,,,,,
unl-197,0,,,,,,,,,
unl-198,0,,,,,,,,,
unl-199,0,,,,,,,,,
unl-200,0,,,,,,,,,
unl-201,0,,,,,,,,,
unl-202,0,,,,,,,,,
unl-203,0,,,,,,,,,
unl-204,0,,,,,,,,,
unl-205,0,,,,,,,,,
unl-206,0,,,,,,,,,
unl-207,0,,,,,,,,,
unl-208,0,,,,,,,,,
unl-209,0,,,,,,,,,
unl-210,0,,,,,,,,,
unl-211,0,,,,,,,,,
unl-212,0,,,,,,,,,
unl-213,0,,,,,,,,,
unl-214,0,,,,,,,,,
unl-215,0,,,,,,,,,
unl-216,0,,,,,,,,,
unl-217,0,,,,,,,,,
unl-218,0,,,,,,,,,
unl-219,0,,,,,,,,,
unl-220,0,,,,,,,,,
unl-221,0,,,,,,,,,
unl-222,0,,,,,,,,,
unl-223,0,,,,,,,,,
unl-224,0,,,,,,,,,
unl-225,0,,,,,,,,,
unl-226,0,,,,,,,,,
unl-226,0,,,,,,,,,
unl-227,0,,,,,,,,,
unl-227,0,,,,,,,,,
unl-228,0,,,,,,,,,
unl-228,0,,,,,,,,,
unl-229,0,,,,,,,,,
unl-229,0,,,,,,,,,
unl-230,0,,,,,,,,,
unl-230,0,,,,,,,,,
unl-231,0,,,,,,,,,
unl-231,0,,,,,,,,,
unl-232,0,,,,,,,,,
unl-232,0,,,,,,,,,
unl-233,0,,,,,,,,,
unl-233,0,,,,,,,,,
unl-234,0,,,,,,,,,
unl-234,0,,,,,,,,,
unl-235,0,,,,,,,,,
unl-235,0,,,,,,,,,
unl-236,0,,,,,,,,,
unl-236,0,,,,,,,,,
unl-237,0,,,,,,,,,
unl-237,0,,,,,,,,,
unl-238,0,,,,,,,,,
unl-t01,0,,,,,,,,,
unl-t02,0,,,,,,,,,
unl-t03,0,,,,,,,,,
unl-t05,0,,,,,,,,,
unl-t06,0,,,,,,,,,
unl-t07,0,,,,,,,,,
ven-001,0,,,,,,,,,
ven-002,0,,,,,,,,,
ven-003,0,,,,,,,,,
ven-004,0,,,,,,,,,
ven-005,0,,,,,,,,,
ven-006,0,,,,,,,,,
ven-007,0,,,,,,,,,
ven-008,0,,,,,,,,,
ven-009,0,,,,,,,,,
ven-010,0,,,,,,,,,
ven-011,0,,,,,,,,,
ven-012,0,,,,,,,,,
ven-013,0,,,,,,,,,
ven-014,0,,,,,,,,,
ven-015,0,,,,,,,,,
ven-016,0,,,,,,,,,
ven-017,0,,,,,,,,,
ven-018,0,,,,,,,,,
ven-019,0,,,,,,,,,
ven-019a,,,,,,,,,,
ven-020,0,,,,,,,,,
ven-021,0,,,,,,,,,
ven-021a,,,,,,,,,,
ven-022,0,,,,,,,,,
ven-023,0,,,,,,,,,
ven-023a,,,,,,,,,,
ven-024,0,,,,,,,,,
ven-025,0,,,,,,,,,
ven-026,0,,,,,,,,,
ven-027,0,,,,,,,,,
ven-028,0,,,,,,,,,
ven-029,0,,,,,,,,,
ven-030,0,,,,,,,,,
ven-031,0,,,,,,,,,
ven-032,0,,,,,,,,,
ven-033,0,,,,,,,,,
ven-034,0,,,,,,,,,
ven-035,0,,,,,,,,,
ven-036,0,,,,,,,,,
ven-037,0,,,,,,,,,
ven-038,0,,,,,,,,,
ven-038a,,,,,,,,,,
ven-039,0,,,,,,,,,
ven-040,0,,,,,,,,,
ven-041,0,,,,,,,,,
ven-042,0,,,,,,,,,
ven-042a,,,,,,,,,,
ven-043,0,,,,,,,,,
ven-044,0,,,,,,,,,
ven-045,0,,,,,,,,,
ven-046,0,,,,,,,,,
ven-046a,,,,,,,,,,
ven-047,0,,,,,,,,,
ven-048,0,,,,,,,,,
ven-049,0,,,,,,,,,
ven-050,0,,,,,,,,,
ven-051,0,,,,,,,,,
ven-052,0,,,,,,,,,
ven-053,0,,,,,,,,,
ven-054,0,,,,,,,,,
ven-055,0,,,,,,,,,
ven-056,0,,,,,,,,,
ven-057,0,,,,,,,,,
ven-058,0,,,,,,,,,
ven-059,0,,,,,,,,,
ven-060,0,,,,,,,,,
ven-061,0,,,,,,,,,
ven-062,0,,,,,,,,,
ven-063,0,,,,,,,,,
ven-063a,,,,,,,,,,
ven-064,0,,,,,,,,,
ven-065,0,,,,,,,,,
ven-066,0,,,,,,,,,
ven-067,0,,,,,,,,,
ven-068,0,,,,,,,,,
ven-068a,,,,,,,,,,
ven-069,0,,,,,,,,,
ven-069a,,,,,,,,,,
ven-070,0,,,,,,,,,
ven-071,0,,,,,,,,,
ven-072,0,,,,,,,,,
ven-073,0,,,,,,,,,
ven-074,0,,,,,,,,,
ven-075,0,,,,,,,,,
ven-076,0,,,,,,,,,
ven-077,0,,,,,,,,,
ven-078,0,,,,,,,,,
ven-079,0,,,,,,,,,
ven-080,0,,,,,,,,,
ven-081,0,,,,,,,,,
ven-082,0,,,,,,,,,
ven-083,0,,,,,,,,,
ven-084,0,,,,,,,,,
ven-084a,,,,,,,,,,
ven-085,0,,,,,,,,,
ven-086,0,,,,,,,,,
ven-087,0,,,,,,,,,
ven-088,0,,,,,,,,,
ven-088a,,,,,,,,,,
ven-089,0,,,,,,,,,
ven-090,0,,,,,,,,,
ven-091,0,,,,,,,,,
ven-092,0,,,,,,,,,
ven-092a,,,,,,,,,,
ven-093,0,,,,,,,,,
ven-094,0,,,,,,,,,
ven-095,0,,,,,,,,,
ven-096,0,,,,,,,,,
ven-097,0,,,,,,,,,
ven-098,0,,,,,,,,,
ven-099,0,,,,,,,,,
ven-100,0,,,,,,,,,
ven-101,0,,,,,,,,,
ven-102,0,,,,,,,,,
ven-103,0,,,,,,,,,
ven-104,0,,,,,,,,,
ven-105,0,,,,,,,,,
ven-106,0,,,,,,,,,
ven-107,0,,,,,,,,,
ven-108,0,,,,,,,,,
ven-109,0,,,,,,,,,
ven-110,0,,,,,,,,,
ven-110a,,,,,,,,,,
ven-111,0,,,,,,,,,
ven-112,0,,,,,,,,,
ven-112a,,,,,,,,,,
ven-113,0,,,,,,,,,
ven-113a,,,,,,,,,,
ven-114,0,,,,,,,,,
ven-115,0,,,,,,,,,
ven-116,0,,,,,,,,,
ven-117,0,,,,,,,,,
ven-118,0,,,,,,,,,
ven-119,0,,,,,,,,,
ven-120,0,,,,,,,,,
ven-121,0,,,,,,,,,
ven-122,0,,,,,,,,,
ven-123,0,,,,,,,,,
ven-124,0,,,,,,,,,
ven-125,0,,,,,,,,,
ven-126,0,,,,,,,,,
ven-127,0,,,,,,,,,
ven-128,0,,,,,,,,,
ven-129,0,,,,,,,,,
ven-130,0,,,,,,,,,
ven-131,0,,,,,,,,,
ven-132,0,,,,,,,,,
ven-133,0,,,,,,,,,
ven-134,0,,,,,,,,,
ven-135,0,,,,,,,,,
ven-135a,,,,,,,,,,
ven-136,0,,,,,,,,,
ven-136a,,,,,,,,,,
ven-137,0,,,,,,,,,
ven-138,0,,,,,,,,,
ven-138a,,,,,,,,,,
ven-139,0,,,,,,,,,
ven-140,0,,,,,,,,,
ven-141,0,,,,,,,,,
ven-142,0,,,,,,,,,
ven-143,0,,,,,,,,,
ven-144,0,,,,,,,,,
ven-145,0,,,,,,,,,
ven-146,0,,,,,,,,,
ven-147,0,,,,,,,,,
ven-148,0,,,,,,,,,
ven-149,0,,,,,,,,,
ven-150,0,,,,,,,,,
ven-151,0,,,,,,,,,
ven-152,0,,,,,,,,,
ven-153,0,,,,,,,,,
ven-154,0,,,,,,,,,
ven-155,0,,,,,,,,,
ven-156,0,,,,,,,,,
ven-157,0,,,,,,,,,
ven-158,0,,,,,,,,,
ven-159,0,,,,,,,,,
ven-160,0,,,,,,,,,
ven-161,0,,,,,,,,,
ven-162,0,,,,,,,,,
ven-163,0,,,,,,,,,
ven-164,0,,,,,,,,,
ven-165,0,,,,,,,,,
ven-166,0,,,,,,,,,
ven-167,0,,,,,,,,,
ven-168,0,,,,,,,,,
ven-169,0,,,,,,,,,
ven-170,0,,,,,,,,,
ven-171,0,,,,,,,,,
ven-172,0,,,,,,,,,
ven-173,0,,,,,,,,,
ven-174,0,,,,,,,,,
ven-175,0,,,,,,,,,
ven-176,0,,,,,,,,,
ven-177,0,,,,,,,,,
ven-178,0,,,,,,,,,
ven-179,0,,,,,,,,,
ven-180,0,,,,,,,,,
ven-181,0,,,,,,,,,
ven-182,0,,,,,,,,,
ven-183,0,,,,,,,,,
ven-184,0,,,,,,,,,
ven-185,0,,,,,,,,,
ven-186,0,,,,,,,,,
ven-187,0,,,,,,,,,
ven-188,0,,,,,,,,,
ven-189,0,,,,,,,,,
ven-190,0,,,,,,,,,
ven-191,0,,,,,,,,,
ven-192,0,,,,,,,,,
ven-193,0,,,,,,,,,
ven-194,0,,,,,,,,,
ven-195,0,,,,,,,,,
ven-196,0,,,,,,,,,
ven-197,0,,,,,,,,,
ven-r01,0,,,,,,,,,
ven-r02,0,,,,,,,,,
ven-r03,0,,,,,,,,,
ven-r04,0,,,,,,,,,
ven-r05,0,,,,,,,,,
ven-r06,0,,,,,,,,,
ven-sp1,0,,,,,,,,,
ven-sp2,0,,,,,,,,,
ven-sp3,0,,,,,,,,,
ven-sp4,0,,,,,,,,,
ven-sp5,0,,,,,,,,,
ven-sp6,0,,,,,,,,,
ven-t04,0,,,,,,,,,
